# Time, Susceptible, Exposed, Infected, Removed
0.000000000000000000e+00 9.999997195176714149e-01 0.000000000000000000e+00 2.804823286316080721e-07 0.000000000000000000e+00
1.000000000000000000e+00 1.000002671704746771e+00 4.345418345921577102e-08 2.656916010130670479e-07 1.911342396966777330e-08
2.000000000000000000e+00 1.000005622497071256e+00 8.526320255931116000e-08 2.533397266436823357e-07 3.875582186630612874e-08
3.000000000000000000e+00 1.000008572633634518e+00 1.232583620892728726e-07 2.451519838938263709e-07 5.863162219256101308e-08
4.000000000000000000e+00 1.000011524317669931e+00 1.515841148277946909e-07 2.456619447497901785e-07 7.785956907404613328e-08
5.000000000000000000e+00 1.000014478346404223e+00 1.678788869536962071e-07 2.567528319026748777e-07 9.612078793362823484e-08
6.000000000000000000e+00 1.000017434111060144e+00 1.732750780459228837e-07 2.776575187483917344e-07 1.136587854914272076e-07
7.000000000000000000e+00 1.000020389596853798e+00 1.723990610835458146e-07 3.049585293876623201e-07 1.312794497648160992e-07
8.000000000000000000e+00 1.000023341382996644e+00 1.733711824457621491e-07 3.325880386260183002e-07 1.503510500684209559e-07
9.000000000000000000e+00 1.000026284568731771e+00 1.879907099404420554e-07 3.516873042649377269e-07 1.728338194001503315e-07
1.000000000000000000e+01 1.000029196866181413e+00 2.715092376569180556e-07 3.203781860946152196e-07 2.076421834777527902e-07
1.100000000000000000e+01 1.000032077381266316e+00 4.256395485339871392e-07 2.374844554331485025e-07 2.551336690293924706e-07
1.200000000000000000e+01 1.000034943241860041e+00 6.069823198994951978e-07 1.361281838215875897e-07 3.084576551830314462e-07
1.300000000000000000e+01 1.000037808470963130e+00 7.798557913150130104e-07 4.357690136088628039e-08 3.620053734695294154e-07
1.400000000000000000e+01 1.000040683986703094e+00 9.162957645758367201e-07 -1.875640328809852917e-08 4.114099078226439400e-07
1.500000000000000000e+01 1.000043577602333977e+00 9.960556037109876750e-07 -3.531328290460594594e-08 4.535461945790300742e-07
1.600000000000000000e+01 1.000046494026236799e+00 1.006606234983211687e-06 3.610168292027517068e-09 4.865310224782407358e-07
1.700000000000000000e+01 1.000049434861919107e+00 9.431361468889808337e-07 1.018633146423701378e-07 5.097230326627261760e-07
1.800000000000000000e+01 1.000052398608015869e+00 8.085513901584914420e-07 2.574409790468920207e-07 5.237227186778348272e-07
1.900000000000000000e+01 1.000055380658287918e+00 6.134755777556635640e-07 4.624834429659691197e-07 5.303724264718119261e-07
2.000000000000000000e+01 1.000058373301623726e+00 3.762498848781481734e-07 7.032764464198790035e-07 5.327563543958016315e-07
2.100000000000000000e+01 1.000061365722038298e+00 1.229330489573128735e-07 9.602511879888021258e-07 5.352005532038449066e-07
2.200000000000000000e+01 1.000064343998673388e+00 -1.126986303417427516e-07 1.207984324812824261e-06 5.432729260528806837e-07
2.300000000000000000e+01 1.000067291105797507e+00 -2.891512911201995237e-07 1.415197972591934650e-06 5.637832285027443818e-07
2.400000000000000000e+01 1.000070186912805914e+00 -3.572135092455037422e-07 1.544759705586025950e-06 6.047830685161719304e-07
2.500000000000000000e+01 1.000073008184220846e+00 -2.599562983513923834e-07 1.553682556614892643e-06 6.755659064587943691e-07
2.600000000000000000e+01 1.000075738104938106e+00 4.337991670896956300e-08 1.411296738765086074e-06 7.828570602237233575e-07
2.700000000000000000e+01 1.000078423711774356e+00 4.334996014765904919e-07 1.208674710312769161e-06 9.078427907783913206e-07
2.800000000000000000e+01 1.000081114818410999e+00 7.841751119798091450e-07 1.042153851246262909e-06 1.030599682728713074e-06
2.900000000000000000e+01 1.000083842875922668e+00 1.015034928323121774e-06 9.732336506118482598e-07 1.138548693636071462e-06
3.000000000000000000e+01 1.000086622588695962e+00 1.087501116479082247e-06 1.031668748923256103e-06 1.225808732552947868e-06
3.100000000000000000e+01 1.000089451914428107e+00 1.004789328288299665e-06 1.215468938161667067e-06 1.293196660022921473e-06
3.200000000000000000e+01 1.000092312064127631e+00 8.119088014594434428e-07 1.490899161775709825e-06 1.348227288080670100e-06
3.300000000000000000e+01 1.000095167502114135e+00 5.956623595692369604e-07 1.792479514681462151e-06 1.405113380251969160e-06
3.400000000000000000e+01 1.000097965946018519e+00 4.846464120624599943e-07 2.022985243262453040e-06 1.484765651553693341e-06
3.500000000000000000e+01 1.000100643009118162e+00 6.376255780711906569e-07 2.062286547669600450e-06 1.612936007387782811e-06
3.600000000000000000e+01 1.000103241358574868e+00 9.451809251749442966e-07 1.994200638973770558e-06 1.772559008433144631e-06
3.700000000000000000e+01 1.000105821259839711e+00 1.253749293851973416e-06 1.936128686035020641e-06 1.939531196639252273e-06
3.800000000000000000e+01 1.000108407722534620e+00 1.497837396639134641e-06 1.938556870170755480e-06 2.103850057597850549e-06
3.900000000000000000e+01 1.000111014058701286e+00 1.641007509251664148e-06 2.029934981019579573e-06 2.260191485935961141e-06
4.000000000000000000e+01 1.000113641882801163e+00 1.675877470583178931e-06 2.216676416541292901e-06 2.407909785315882390e-06
4.100000000000000000e+01 1.000116281111714800e+00 1.624120682705675112e-06 2.483158183016895166e-06 2.551037668435190774e-06
4.200000000000000000e+01 1.000118909964742286e+00 1.536466110869532383e-06 2.791720895048582823e-06 2.698286257026738373e-06
4.300000000000000000e+01 1.000121494963603253e+00 1.492698283503508503e-06 3.082668775559748235e-06 2.863045081858656676e-06
4.400000000000000000e+01 1.000123990932437090e+00 1.601657292214741838e-06 3.274269655794986871e-06 3.063382082734350653e-06
4.500000000000000000e+01 1.000126365285876284e+00 1.940288662546156716e-06 3.309131357184777629e-06 3.312329281503581681e-06
4.600000000000000000e+01 1.000128660951935089e+00 2.396277343505975883e-06 3.273810070778417985e-06 3.592717525775662661e-06
4.700000000000000000e+01 1.000130924466800852e+00 2.848129278068843875e-06 3.261875294800089546e-06 3.885935188638947116e-06
4.800000000000000000e+01 1.000133188515494709e+00 3.208593122706641799e-06 3.340965369687223580e-06 4.178910253760157596e-06
4.900000000000000000e+01 1.000135471968357948e+00 3.424567805597786936e-06 3.552858029248278918e-06 4.464095719981811552e-06
5.000000000000000000e+01 1.000137779881050681e+00 3.477102526627228511e-06 3.913470400662742379e-06 4.739469601322218377e-06
5.100000000000000000e+01 1.000140103494553401e+00 3.381396757386451502e-06 4.412859004481125378e-06 5.008534926975483216e-06
5.200000000000000000e+01 1.000142420235166529e+00 3.186800241173474944e-06 5.015219754624970707e-06 5.280319741311500188e-06
5.300000000000000000e+01 1.000144693714509980e+00 2.976812992992847697e-06 5.658887958386846600e-06 5.569377103875961709e-06
5.400000000000000000e+01 1.000146873729522934e+00 2.869085299555660302e-06 6.256338316430346315e-06 5.895785089390350860e-06
5.500000000000000000e+01 1.000148896262465170e+00 3.015417719279530583e-06 6.694184922790094062e-06 6.285146787751946478e-06
5.600000000000000000e+01 1.000150703056703838e+00 3.552638885333858889e-06 6.870556910287754551e-06 6.760761067514307437e-06
5.700000000000000000e+01 1.000152369430110433e+00 4.282285823587512628e-06 6.938722325492241062e-06 7.292504986188814802e-06
5.800000000000000000e+01 1.000153969796925946e+00 5.007964761081237789e-06 7.050421435722607423e-06 7.850617810480567399e-06
5.900000000000000000e+01 1.000155549424073476e+00 5.605480928831358824e-06 7.302685747874811867e-06 8.416995881110499509e-06
6.000000000000000000e+01 1.000157131117848763e+00 6.006018052907931669e-06 7.750646198036019270e-06 8.982518241502852511e-06
6.100000000000000000e+01 1.000158715223921524e+00 6.196138354434742055e-06 8.407533151484592685e-06 9.547046637785183354e-06
6.200000000000000000e+01 1.000160279627333670e+00 6.217782549589310584e-06 9.244676402690104350e-06 1.011942551878835778e-05
6.300000000000000000e+01 1.000161779752500424e+00 6.168269849602880874e-06 1.019150517531332552e-05 1.071748203604655202e-05
6.400000000000000000e+01 1.000163148563210536e+00 6.200297960760437346e-06 1.113554812220622734e-05 1.136802604379725617e-05
6.500000000000000000e+01 1.000164296562625177e+00 6.521943084400684049e-06 1.192243332541199434e-05 1.210685009898126915e-05
6.600000000000000000e+01 1.000165149089331074e+00 7.303064425261021277e-06 1.242710358905705549e-05 1.296381360776697668e-05
6.700000000000000000e+01 1.000165805334226166e+00 8.276862664860505420e-06 1.285683680832017082e-05 1.389924709718215434e-05
6.800000000000000000e+01 1.000166334717828454e+00 9.250577254764721534e-06 1.336273629189683384e-05 1.488538729083508225e-05
6.900000000000000000e+01 1.000166776331641971e+00 1.010587994031408549e-05 1.403967254794325257e-05 1.590660043287211292e-05
7.000000000000000000e+01 1.000167146568514687e+00 1.077968682474116733e-05 1.494089248406940145e-05 1.695633066614545063e-05
7.100000000000000000e+01 1.000167439122638502e+00 1.126415836917069212e-05 1.607801940733901799e-05 1.803710003221314459e-05
7.200000000000000000e+01 1.000167624989549697e+00 1.160669939261954160e-05 1.742105302426960785e-05 1.916050847133909238e-05
7.300000000000000000e+01 1.000167652466127599e+00 1.190995907199675764e-05 1.889836944083243971e-05 2.034723382249304502e-05
7.400000000000000000e+01 1.000167447150596578e+00 1.233183094210353373e-05 2.039672116245254535e-05 2.162703182335059681e-05
7.500000000000000000e+01 1.000166911942524273e+00 1.308545289563321497e-05 2.176123709400873312e-05 2.303873611029319546e-05
7.600000000000000000e+01 1.000165970288957151e+00 1.433035839454239469e-05 2.287832013953266120e-05 2.461296327244233526e-05
7.700000000000000000e+01 1.000164712031142100e+00 1.580693187092329895e-05 2.395367350042630310e-05 2.631378443105265275e-05
7.800000000000000000e+01 1.000163203803754675e+00 1.731277904548505657e-05 2.514970597854331090e-05 2.811455039005580250e-05
7.900000000000000000e+01 1.000161483084613723e+00 1.871563052142367664e-05 2.657619733369126543e-05 3.000027296922279786e-05
8.000000000000000000e+01 1.000159562066901042e+00 1.994354206373504624e-05 2.829777431164698327e-05 3.196607647745064581e-05
8.100000000000000000e+01 1.000157427659162268e+00 2.098489459921493887e-05 3.033391064415651335e-05 3.401719771276233000e-05
8.200000000000000000e+01 1.000155041485305318e+00 2.188839421645898060e-05 3.265892704893514031e-05 3.616898596230685140e-05
8.300000000000000000e+01 1.000152339884601504e+00 2.276307216586269749e-05 3.520199122966736761e-05 3.844690300235917074e-05
8.400000000000000000e+01 1.000149233911685531e+00 2.377828485962148170e-05 3.784711787600694797e-05 4.088652309832024911e-05
8.500000000000000000e+01 1.000145609336555053e+00 2.516371387173059828e-05 4.043316866357686307e-05 4.353353300471704800e-05
8.600000000000000000e+01 1.000141343943151018e+00 2.716557724618636190e-05 4.278726000017045694e-05 4.643681433028178915e-05
8.700000000000000000e+01 1.000136493143857885e+00 2.957946074421075131e-05 4.508054887696478878e-05 4.957421194016448465e-05
8.800000000000000000e+01 1.000131142327021383e+00 3.212452927829662519e-05 4.754263093141521297e-05 5.291157694010922136e-05
8.900000000000000000e+01 1.000125333312932963e+00 3.462414389740623078e-05 5.032504872594277198e-05 5.643218542899624537e-05
9.000000000000000000e+01 1.000119076240098437e+00 3.697531978763069285e-05 5.352469998280484425e-05 6.013198599465592814e-05
9.100000000000000000e+01 1.000112349565237535e+00 3.914872627219003067e-05 5.718383758409518487e-05 6.401959971386875974e-05
9.200000000000000000e+01 1.000105100063283681e+00 4.118868681143315799e-05 6.129006957174387813e-05 6.811632015236536236e-05
9.300000000000000000e+01 1.000097242827384658e+00 4.321317900283786948e-05 6.577635914751736460e-05 7.245611336482650391e-05
9.400000000000000000e+01 1.000088661268902390e+00 4.541383458101084754e-05 7.052102467301845474e-05 7.708561789488305735e-05
9.500000000000000000e+01 1.000079207117413160e+00 4.805593941768765550e-05 7.534773966968630853e-05 8.206414477511604134e-05
9.600000000000000000e+01 1.000068705222277865e+00 5.146621729674796266e-05 8.003486749998593535e-05 8.746175749958257247e-05
9.700000000000000000e+01 1.000057160437348935e+00 5.550965245683740486e-05 8.471449100818253359e-05 9.327653513502965179e-05
9.800000000000000000e+01 1.000044667349447414e+00 5.982231110803870166e-05 8.969377782335799228e-05 9.947065702273472879e-05
9.900000000000000000e+01 1.000031249877865402e+00 6.420950997809159763e-05 9.515304943221064603e-05 1.060345656580949847e-04
1.000000000000000000e+02 1.000016895062975975e+00 6.855824238698960608e-05 1.012130736865968716e-04 1.129734594977326598e-04
1.010000000000000000e+02 1.000001553066233617e+00 7.283717824698004973e-05 1.079350648035311012e-04 1.203072929594952166e-04
1.020000000000000000e+02 9.999851371701747871e-01 7.709666406256407423e-05 1.153206833651858364e-04 1.280707764224552579e-04
1.030000000000000000e+02 9.999675237784163562e-01 8.146872293049660753e-05 1.233120363188915938e-04 1.363133762269104867e-04
1.040000000000000000e+02 9.999485524156572769e-01 8.616705453978637345e-05 1.317916769771369453e-04 1.450993146743838141e-04
1.050000000000000000e+02 9.999280257276775830e-01 9.148703517169589163e-05 1.405826050175685866e-04 1.545075700276232647e-04
1.060000000000000000e+02 9.999057224655185649e-01 9.777245391039897132e-05 1.494737379117747989e-04 1.646266846912646691e-04
1.070000000000000000e+02 9.998816414961281263e-01 1.047956938312703530e-04 1.586933087328515194e-04 1.754571755706743565e-04
1.080000000000000000e+02 9.998558144427134309e-01 1.122398788479392004e-04 1.685391792521655674e-04 1.869864337753310724e-04
1.090000000000000000e+02 9.998281999277351950e-01 1.199550180186767192e-04 1.791861191311022966e-04 1.992310581268572133e-04
1.100000000000000000e+02 9.997987182157795916e-01 1.278675031423328788e-04 1.907555117772566670e-04 2.122230088341212778e-04
1.110000000000000000e+02 9.997672512135590273e-01 1.359801087583362763e-04 2.033153543444331094e-04 2.260096074932380029e-04
1.120000000000000000e+02 9.997336424699119206e-01 1.443719921466942997e-04 2.168802577326455524e-04 2.406535370875682552e-04
1.130000000000000000e+02 9.996976971758025909e-01 1.531986933279928971e-04 2.314114465881174495e-04 2.562328419877191936e-04
1.140000000000000000e+02 9.996591821643211473e-01 1.626921350633968614e-04 2.468167593032819418e-04 2.728409279515441608e-04
1.150000000000000000e+02 9.996178259106841546e-01 1.731606228546495865e-04 2.629506480167814243e-04 2.905865621241426563e-04
1.160000000000000000e+02 9.995733672691841099e-01 1.848612506486234158e-04 2.797125159796741293e-04 3.095743930164010136e-04
1.170000000000000000e+02 9.995257546291994588e-01 1.974927236581635432e-04 2.974344172577280017e-04 3.298252719733898346e-04
1.180000000000000000e+02 9.994748882069856011e-01 2.108624741732008140e-04 3.163686304299820665e-04 3.513792718721490049e-04
1.190000000000000000e+02 9.994206164856909158e-01 2.248731552365753575e-04 3.367031981878707285e-04 3.742972138320087923e-04
1.200000000000000000e+02 9.993627448451353201e-01 2.394992176914669359e-04 3.585801658287850560e-04 3.986572218939954350e-04
1.210000000000000000e+02 9.993010355618111573e-01 2.547869101813950523e-04 3.820955812560725097e-04 4.245547230208309786e-04
1.220000000000000000e+02 9.992352078088823086e-01 2.708542791502189509e-04 4.072994949790368887e-04 4.521024470969332767e-04
1.230000000000000000e+02 9.991649376561851925e-01 2.878911688421376710e-04 4.341959601129388182e-04 4.814304269284161528e-04
1.240000000000000000e+02 9.990898580702278764e-01 3.061592213016897223e-04 4.627430323789949364e-04 5.126859982430889131e-04
1.250000000000000000e+02 9.990095589141904098e-01 3.259918763737536533e-04 4.928527701043787079e-04 5.460337996904571049e-04
1.260000000000000000e+02 9.989236333328572748e-01 3.476635106342318470e-04 5.244941866596202927e-04 5.816372965415667756e-04
1.270000000000000000e+02 9.988318511289177026e-01 3.709464624201626900e-04 5.580322896232055990e-04 6.195893401932388474e-04
1.280000000000000000e+02 9.987339569844108089e-01 3.956557514846449305e-04 5.938046378559493424e-04 6.599926699941284069e-04
1.290000000000000000e+02 9.986296319500335139e-01 4.217003074433681858e-04 6.320928547852070313e-04 7.029756822060490278e-04
1.300000000000000000e+02 9.985184959346321554e-01 4.490746550998140664e-04 6.731294352681827832e-04 7.486914483238054936e-04
1.310000000000000000e+02 9.984001077052021556e-01 4.778589144452561211e-04 7.170977455919296494e-04 7.973177150751932550e-04
1.320000000000000000e+02 9.982739648868885762e-01 5.082188006587600544e-04 7.641320234733492900e-04 8.490569044209987561e-04
1.330000000000000000e+02 9.981395039629857857e-01 5.404056241071835635e-04 8.143173780591920824e-04 9.041361135549996503e-04
1.340000000000000000e+02 9.979961002749375698e-01 5.747562903451760132e-04 8.676897899260570127e-04 9.628071149039632830e-04
1.350000000000000000e+02 9.978430680223367988e-01 6.116933001151794117e-04 9.242361110803922180e-04 1.025346356127649402e-03
1.360000000000000000e+02 9.976796627533223161e-01 6.517141324201145480e-04 9.839031327300981275e-04 1.092054018878281388e-03
1.370000000000000000e+02 9.975052349607386182e-01 6.949363211252762747e-04 1.046959741054519916e-03 1.163193190268345216e-03
1.380000000000000000e+02 9.973192923737937976e-01 7.410464596403069145e-04 1.114012288131018989e-03 1.238963195604504859e-03
1.390000000000000000e+02 9.971212584237734156e-01 7.898485336086991148e-04 1.185599992275706118e-03 1.319597399643417362e-03
1.400000000000000000e+02 9.969104513193031147e-01 8.412822557116405014e-04 1.262188649396888285e-03 1.405372085171594171e-03
1.410000000000000000e+02 9.966860840463488413e-01 8.954230656680127031e-04 1.344170632995067604e-03 1.496606453005400704e-03
1.420000000000000000e+02 9.964472643682168451e-01 9.524821302343926526e-04 1.431864894162943047e-03 1.593662621991056563e-03
1.430000000000000000e+02 9.961929948255536793e-01 1.012806343205051394e-03 1.525516961585408286e-03 1.696945629004635754e-03
1.440000000000000000e+02 9.959221727363459786e-01 1.076878325411955275e-03 1.625298941539553418e-03 1.806903428952066903e-03
1.450000000000000000e+02 9.956335901959207924e-01 1.145316424724764212e-03 1.731309517894664323e-03 1.924026894769131739e-03
1.460000000000000000e+02 9.953259340769453622e-01 1.218874716050833860e-03 1.843573952112222874e-03 2.048849817421467476e-03
1.470000000000000000e+02 9.949977972219047340e-01 1.298394742920179392e-03 1.962085133439013442e-03 2.181944921649040404e-03
1.480000000000000000e+02 9.946479808402467482e-01 1.383925938849399307e-03 2.087500134052954447e-03 2.323804492311168021e-03
1.490000000000000000e+02 9.942754852075778027e-01 1.474955240726707030e-03 2.220922410023994532e-03 2.474837860844941034e-03
1.500000000000000000e+02 9.938791393955147546e-01 1.571198190791995913e-03 2.363327466901813789e-03 2.635524907845633938e-03
1.510000000000000000e+02 9.934575811602333051e-01 1.672613312490970477e-03 2.515559467902655100e-03 2.806425190477553414e-03
1.520000000000000000e+02 9.930092569424672222e-01 1.779402110475145765e-03 2.678331233909327612e-03 2.988177942474037896e-03
1.530000000000000000e+02 9.925324218675094512e-01 1.892009070601846903e-03 2.852224243471203260e-03 3.181502074137456705e-03
1.540000000000000000e+02 9.920251397452110043e-01 2.011121659934210840e-03 3.037688632804218941e-03 3.387196172339210914e-03
1.550000000000000000e+02 9.914852830699818487e-01 2.137670326741183523e-03 3.235043195790876513e-03 3.606138500519734651e-03
1.560000000000000000e+02 9.909105330207903517e-01 2.272828500497523808e-03 3.444475383980241494e-03 3.839286998688492929e-03
1.570000000000000000e+02 9.902983794611636137e-01 2.418012591883797816e-03 3.666041306587943492e-03 4.087679283423983380e-03
1.580000000000000000e+02 9.896462236353198438e-01 2.574547210237064683e-03 3.899935247506718453e-03 4.352395217279973749e-03
1.590000000000000000e+02 9.889520234548303534e-01 2.741937200251206089e-03 4.147832285880571554e-03 4.634296964848853145e-03
1.600000000000000000e+02 9.882137607150492942e-01 2.919461977567905462e-03 4.411626097831492996e-03 4.934229639014624247e-03
1.610000000000000000e+02 9.874290908018155122e-01 3.106830039763419215e-03 4.692966818436651588e-03 5.253179221286642837e-03
1.620000000000000000e+02 9.865953436022349976e-01 3.304161876364821761e-03 4.993276659694770650e-03 5.592273123034919094e-03
1.630000000000000000e+02 9.857095235046806625e-01 3.511989968850004647e-03 5.313749910526127142e-03 5.952780185490124526e-03
1.640000000000000000e+02 9.847683093987923408e-01 3.731258790647679156e-03 5.655352936772558604e-03 6.336110679743588506e-03
1.650000000000000000e+02 9.837680546754767885e-01 3.963324807137371536e-03 6.018824181197452751e-03 6.743816306747296534e-03
1.660000000000000000e+02 9.827047872269079054e-01 4.209956475649427772e-03 6.404674163485753538e-03 7.177590197313895443e-03
1.670000000000000000e+02 9.815742094465262912e-01 4.473334245465012717e-03 6.813185480243965503e-03 7.639266912116690796e-03
1.680000000000000000e+02 9.803717181302649131e-01 4.755986267062326488e-03 7.244462911955267502e-03 8.130816724263247378e-03
1.690000000000000000e+02 9.790932246632380043e-01 5.058484273879313570e-03 7.700224422611844262e-03 8.654038551210692723e-03
1.700000000000000000e+02 9.777352519051638602e-01 5.379432933095742997e-03 8.183813737103137059e-03 9.210461141173471866e-03
1.710000000000000000e+02 9.762938702148128423e-01 5.718058044559451436e-03 8.698204915925876121e-03 9.801814275038331359e-03
1.720000000000000000e+02 9.747646437369923422e-01 6.074265067550989675e-03 9.245959129005778057e-03 1.043006717879322448e-02
1.730000000000000000e+02 9.731426304025471152e-01 6.448639120783616549e-03 9.829224655697556268e-03 1.109742852352731471e-02
1.740000000000000000e+02 9.714223819283587247e-01 6.842444982403305884e-03 1.044973688478491140e-02 1.180634642543096531e-02
1.750000000000000000e+02 9.695979438173458753e-01 7.257627089988736950e-03 1.110881831448053830e-02 1.255950844579575149e-02
1.760000000000000000e+02 9.676628553584646353e-01 7.696809540551305742e-03 1.180737855242612079e-02 1.335984159101445690e-02
1.770000000000000000e+02 9.656101496267078810e-01 8.163296090535118038e-03 1.254591431569233514e-02 1.421051231258107020e-02
1.780000000000000000e+02 9.634323543124153622e-01 8.661068449333857514e-03 1.332450999738845135e-02 1.511492681765448133e-02
1.790000000000000000e+02 9.611223011505380942e-01 9.192714067863840682e-03 1.414435551578211749e-02 1.607647600210167574e-02
1.800000000000000000e+02 9.586745113120979100e-01 9.755657264028974943e-03 1.501083639485570331e-02 1.709782885301607339e-02
1.810000000000000000e+02 9.560831784461015781e-01 1.034745701514046615e-02 1.592937867354340606e-02 1.818180670514727218e-02
1.820000000000000000e+02 9.533417575351598172e-01 1.096694583188677005e-02 1.690446649937985685e-02 1.933163791766312825e-02
1.830000000000000000e+02 9.504429648954876297e-01 1.161422975833358365e-02 1.793964212850013284e-02 2.055095787414976810e-02
1.840000000000000000e+02 9.473787781769038574e-01 1.229068837192384862e-02 1.903750592563973124e-02 2.184380898261157472e-02
1.850000000000000000e+02 9.441404363628314034e-01 1.299897478347774790e-02 2.019971636413459698e-02 2.321464067547118065e-02
1.860000000000000000e+02 9.407184397702972323e-01 1.374301563719271431e-02 2.142699002592111240e-02 2.466830940956950616e-02
1.870000000000000000e+02 9.371025500499324812e-01 1.452801111064341844e-02 2.271910160153608332e-02 2.621007866616570023e-02
1.880000000000000000e+02 9.332817901859723486e-01 1.536043491478178077e-02 2.407488389011676333e-02 2.784561895093719958e-02
1.890000000000000000e+02 9.292456682024466952e-01 1.624546097334627834e-02 2.549394270655711003e-02 2.958064250122333094e-02
1.900000000000000000e+02 9.249876136528768500e-01 1.717736292110661270e-02 2.698446383903478282e-02 3.141926034055712857e-02
1.910000000000000000e+02 9.205012115131183670e-01 1.814904322721600308e-02 2.855592748564464434e-02 3.336550482583679894e-02
1.920000000000000000e+02 9.157790923211085454e-01 1.915599379912751726e-02 3.021551102878002742e-02 3.542407612928020338e-02
1.930000000000000000e+02 9.108129327715617229e-01 2.019629684586075197e-02 3.196808721218716287e-02 3.760034260340894274e-02
1.940000000000000000e+02 9.055934557159691645e-01 2.127062487800180507e-02 3.381622414096514817e-02 3.990034078104835041e-02
1.950000000000000000e+02 9.001104301625988402e-01 2.238224070770332072e-02 3.576018528156595100e-02 4.233077537532754786e-02
1.960000000000000000e+02 8.943526712764956477e-01 2.353699744868443730e-02 3.779792946179444391e-02 4.489901927967934747e-02
1.970000000000000000e+02 8.883080403794811897e-01 2.474333851623083252e-02 3.992511087080834187e-02 4.761311356784037052e-02
1.980000000000000000e+02 8.819634756992335012e-01 2.601224449876371123e-02 4.213511040716214767e-02 5.048175852515875833e-02
1.990000000000000000e+02 8.753102313354083064e-01 2.734555119303927820e-02 4.442748676423881327e-02 5.351230556184131959e-02
2.000000000000000000e+02 8.683464201637952629e-01 2.872666230456337455e-02 4.681640388807765951e-02 5.670907415055496947e-02
2.010000000000000000e+02 8.610693085887994869e-01 3.014172483567766070e-02 4.931355054430629214e-02 6.007696211892689375e-02
2.020000000000000000e+02 8.534752373944184400e-01 3.158151584056846650e-02 5.192599850166024211e-02 6.362177986003964003e-02
2.030000000000000000e+02 8.455596217442415963e-01 3.304144242526677044e-02 5.465620253198298639e-02 6.735025033243108306e-02
2.040000000000000000e+02 8.373169511814501087e-01 3.452154174764821698e-02 5.750200041022595493e-02 7.127000906009445247e-02
2.050000000000000000e+02 8.287407896288178089e-01 3.602648101743310266e-02 6.045661291444851676e-02 7.538960413247830505e-02
2.060000000000000000e+02 8.198237753887098744e-01 3.756555749618641082e-02 6.350864382581800083e-02 7.971849620448655249e-02
2.070000000000000000e+02 8.105576211430841616e-01 3.915269849731774221e-02 6.664207992860964047e-02 8.426705849647844748e-02
2.080000000000000000e+02 8.009388041613324516e-01 4.079304671635507890e-02 6.984651374584444072e-02 8.904407852051487993e-02
2.090000000000000000e+02 7.909774131066023006e-01 4.245857971577989692e-02 7.313728032788315014e-02 9.405215500060773448e-02
2.100000000000000000e+02 7.806826572299071509e-01 4.412537929624055916e-02 7.652598695281319363e-02 9.929438960700955052e-02
2.110000000000000000e+02 7.700628824799996552e-01 4.577659240969238208e-02 8.001705727788525901e-02 1.047748657817634960e-01
2.120000000000000000e+02 7.591255980196895958e-01 4.740237764575389035e-02 8.360776841681134830e-02 1.104986386587308161e-01
2.130000000000000000e+02 7.478774762258443287e-01 4.899990523170683066e-02 8.728825093976479155e-02 1.164717350635909032e-01
2.140000000000000000e+02 7.363243526893885615e-01 5.057335703249615094e-02 9.104148887338020524e-02 1.227011535138411713e-01
2.150000000000000000e+02 7.244712262153043536e-01 5.213392655073001425e-02 9.484331970075347840e-02 1.291948642187971674e-01
2.160000000000000000e+02 7.123226069725633325e-01 5.369891853841386731e-02 9.866315863505660533e-02 1.359616370443117173e-01
2.170000000000000000e+02 6.998958990339456676e-01 5.525561145894372639e-02 1.024938840689968156e-01 1.430039110615030085e-01
2.180000000000000000e+02 6.872188011866497970e-01 5.676592437206456204e-02 1.063494128874956646e-01 1.503181515385077771e-01
2.190000000000000000e+02 6.743166459368229448e-01 5.820265177356144515e-02 1.102339781482655906e-01 1.579019984156831424e-01
2.200000000000000000e+02 6.612131665408705894e-01 5.954805118541495884e-02 1.141429855281479028e-01 1.657540552378033161e-01
2.210000000000000000e+02 6.479304970054570179e-01 6.079384315580121240e-02 1.180630133231127255e-01 1.738738891540596299e-01
2.220000000000000000e+02 6.344891720875048824e-01 6.194121125909182735e-02 1.219718124482590538e-01 1.822620309180604248e-01
2.230000000000000000e+02 6.209081272941956442e-01 6.300080209585395830e-02 1.258383064378147398e-01 1.909199748878311342e-01
2.240000000000000000e+02 6.072046988829689074e-01 6.399272529285028599e-02 1.296225914451364924e-01 1.998501790258142841e-01
2.250000000000000000e+02 5.934019507583546682e-01 6.492375336072389591e-02 1.332959731127643099e-01 2.090515012742982515e-01
2.260000000000000000e+02 5.795387820778131749e-01 6.575429548605157826e-02 1.368716990588908777e-01 2.185113856710556024e-01
2.270000000000000000e+02 5.656505022063164079e-01 6.645677388067798563e-02 1.403539055919146572e-01 2.282179643308727690e-01
2.280000000000000000e+02 5.517692593357783615e-01 6.701420054153386929e-02 1.437381334205824479e-01 2.381605363561598854e-01
2.290000000000000000e+02 5.379240784710836998e-01 6.742006000419378808e-02 1.470114277546750725e-01 2.483295469966786129e-01
2.300000000000000000e+02 5.241408614300879787e-01 6.767830934287605293e-02 1.501523383050074323e-01 2.587165876495419736e-01
2.310000000000000000e+02 5.104423868436175349e-01 6.780337817044279625e-02 1.531309192834283683e-01 2.693143958592143505e-01
2.320000000000000000e+02 4.968483101554692638e-01 6.782016863839988863e-02 1.559087294028207726e-01 2.801168553175117926e-01
2.330000000000000000e+02 4.833796232860919639e-01 6.774843049432874298e-02 1.584532221273497188e-01 2.911157708922407217e-01
2.340000000000000000e+02 4.700703574778706817e-01 6.755903421535741638e-02 1.607801699414662666e-01 3.022904683794387370e-01
2.350000000000000000e+02 4.569495658485319689e-01 6.723459893823137412e-02 1.628979846919161312e-01 3.136208636778897718e-01
2.360000000000000000e+02 4.440422346770185325e-01 6.676728055867908740e-02 1.648079214757461608e-01 3.250885595158775621e-01
2.370000000000000000e+02 4.313695933034558672e-01 6.615772091648365605e-02 1.665050032937375746e-01 3.366766617127140426e-01
2.380000000000000000e+02 4.189491141291522003e-01 6.541504779548282245e-02 1.679780210504061844e-01 3.483697791787390696e-01
2.390000000000000000e+02 4.067945126165987135e-01 6.455687492356898538e-02 1.692095335540021728e-01 3.601540239153206979e-01
2.400000000000000000e+02 3.949157472894692100e-01 6.360930197268918618e-02 1.701758675165102874e-01 3.720170110148549592e-01
2.410000000000000000e+02 3.833214662520000870e-01 6.259794734169568664e-02 1.708556347342215509e-01 3.839458621779641145e-01
2.420000000000000000e+02 3.720289647334566463e-01 6.150797290492156233e-02 1.712695035356245343e-01 3.959174519725626729e-01
2.430000000000000000e+02 3.610505306073459320e-01 6.033330898750183247e-02 1.714332788891519133e-01 4.079097572315777409e-01
2.440000000000000000e+02 3.503951324333569595e-01 5.907459177241861786e-02 1.713572911494635753e-01 4.199028428576799254e-01
2.450000000000000000e+02 3.400690772307383147e-01 5.773694833926790171e-02 1.710483855823598243e-01 4.318784294862261786e-01
2.460000000000000000e+02 3.300760104782978765e-01 5.632999666425959895e-02 1.705099223647811579e-01 4.438198934852599087e-01
2.470000000000000000e+02 3.204169161144032052e-01 5.486784562021750078e-02 1.697417765848082960e-01 4.557122669555107586e-01
2.480000000000000000e+02 3.110901165369811538e-01 5.336909497657928853e-02 1.687403382416622910e-01 4.675422377303948274e-01
2.490000000000000000e+02 3.020914308675984317e-01 5.185625285389525857e-02 1.674990904731140096e-01 4.792979954300261025e-01
2.500000000000000000e+02 2.934210563971483277e-01 5.032907112057095900e-02 1.660354483712239149e-01 4.909621758030468519e-01
2.510000000000000000e+02 2.850779305087504101e-01 4.878400599306795260e-02 1.643715954714399796e-01 5.025172017144297065e-01
2.520000000000000000e+02 2.770577002320108173e-01 4.722629722235190119e-02 1.625209273374514374e-01 5.139487908199155131e-01
2.530000000000000000e+02 2.693552280232312524e-01 4.566152374764978483e-02 1.604961876753774330e-01 5.252437580178578314e-01
2.540000000000000000e+02 2.619645917654089828e-01 4.409560369644994343e-02 1.583094683337669673e-01 5.363900154492241557e-01
2.550000000000000000e+02 2.548790847682368410e-01 4.253479438450206290e-02 1.559722093035988688e-01 5.473765724975946378e-01
2.560000000000000000e+02 2.480912157681031127e-01 4.098569231581716127e-02 1.534951987182818778e-01 5.581935357891630867e-01
2.570000000000000000e+02 2.415927089280917595e-01 3.945523318266760254e-02 1.508885728536544790e-01 5.688321091927363016e-01
2.580000000000000000e+02 2.353745038379821963e-01 3.795069186558709673e-02 1.481618161279851242e-01 5.792845938197344058e-01
2.590000000000000000e+02 2.294287489092017296e-01 3.647128962042561762e-02 1.453329835422587368e-01 5.895415650018969167e-01
2.600000000000000000e+02 2.237478580018178176e-01 3.501446564903987896e-02 1.424208420376132656e-01 5.995944027361636008e-01
2.610000000000000000e+02 2.183214424959978306e-01 3.358970860022238158e-02 1.394297023705149685e-01 6.094396962371099180e-01
2.620000000000000000e+02 2.131395596035743079e-01 3.220406826763887176e-02 1.363658603981742212e-01 6.190740426420289211e-01
2.630000000000000000e+02 2.081927416832720645e-01 3.086202714985729345e-02 1.332377408863364698e-01 6.284940023278842158e-01
2.640000000000000000e+02 2.034719962407080251e-01 2.956550045034769814e-02 1.300558975092822034e-01 6.376960989113099609e-01
2.650000000000000000e+02 1.989688059283912791e-01 2.831383607748231418e-02 1.268330128498270648e-01 6.466768192486109790e-01
2.660000000000000000e+02 1.946751285457230529e-01 2.710381464453552602e-02 1.235838983993216705e-01 6.554326134357627565e-01
2.670000000000000000e+02 1.905833970389967380e-01 2.592964946968385337e-02 1.203254945576517493e-01 6.639598948084113328e-01
2.680000000000000000e+02 1.866865003304374049e-01 2.478308846404773599e-02 1.170767647055513949e-01 6.722550631524789599e-01
2.690000000000000000e+02 1.829760693496790547e-01 2.366352445682063863e-02 1.138473256173367226e-01 6.803174779348236667e-01
2.700000000000000000e+02 1.794423632337102115e-01 2.258085500178822272e-02 1.106329545218948662e-01 6.881512052357857678e-01
2.710000000000000000e+02 1.760764112802343795e-01 2.154213459527090299e-02 1.074317383733621040e-01 6.957600743072068772e-01
2.720000000000000000e+02 1.728699129630886233e-01 2.055162837661955733e-02 1.042444902840261728e-01 7.031473074236130882e-01
2.730000000000000000e+02 1.698152379322435679e-01 1.961081212821554065e-02 1.010747495243263655e-01 7.103155198822147520e-01
2.740000000000000000e+02 1.669054260138034540e-01 1.871837227547066759e-02 9.792878152285340587e-02 7.172667200029069212e-01
2.750000000000000000e+02 1.641341872100060273e-01 1.787020588682721595e-02 9.481557786634957352e-02 7.240023091282687950e-01
2.760000000000000000e+02 1.614959016992226493e-01 1.705942067375793708e-02 9.174685629970862066e-02 7.305230816235646074e-01
2.770000000000000000e+02 1.589856198359582418e-01 1.627633499076604554e-02 8.873706072597581374e-02 7.368292248767422947e-01
2.780000000000000000e+02 1.565987225612866240e-01 1.551059472859077533e-02 8.580086248646158487e-02 7.429210407146803474e-01
2.790000000000000000e+02 1.543277744993984402e-01 1.477148987276596243e-02 8.292897117852780775e-02 7.488059649302940546e-01
2.800000000000000000e+02 1.521662051882073652e-01 1.406543301024358768e-02 8.011472328902580209e-02 7.544908189118680886e-01
2.810000000000000000e+02 1.501083297493499280e-01 1.339456839226734093e-02 7.735622874644608460e-02 7.599810333580334643e-01
2.820000000000000000e+02 1.481488937495623048e-01 1.275948865259869669e-02 7.465320738271499779e-02 7.652815502363680134e-01
2.830000000000000000e+02 1.462830732006803192e-01 1.215923480751692279e-02 7.200698893319457117e-02 7.703968227833961624e-01
2.840000000000000000e+02 1.445064745596395528e-01 1.159129625581907519e-02 6.942051303668259066e-02 7.753308155045893768e-01
2.850000000000000000e+02 1.428151347284752348e-01 1.105161077881999972e-02 6.689832923541257081e-02 7.800870041743657168e-01
2.860000000000000000e+02 1.412055210543223527e-01 1.053456454035233032e-02 6.444659697505379647e-02 7.846683758360899485e-01
2.870000000000000000e+02 1.396743848455334613e-01 1.003397052872386647e-02 6.207190604735199346e-02 7.890777764013577888e-01
2.880000000000000000e+02 1.382172977106890799e-01 9.553272525247916147e-03 5.976889387529826098e-02 7.933215530572860219e-01
2.890000000000000000e+02 1.368302002160496078e-01 9.095331448421213258e-03 5.753259113043698858e-02 7.974058736475747589e-01
2.900000000000000000e+02 1.355094876766178846e-01 8.660934332452194587e-03 5.536045100660679646e-02 8.013361026291758726e-01
2.910000000000000000e+02 1.342518099625707451e-01 8.250047364563804428e-03 5.325085795852481374e-02 8.051172394899742679e-01
2.920000000000000000e+02 1.330540714992592410e-01 7.861815884993496317e-03 5.120312770178665068e-02 8.087539187487874370e-01
2.930000000000000000e+02 1.319134312672083920e-01 7.494564386993233032e-03 4.921750721286641261e-02 8.122504099553660151e-01
2.940000000000000000e+02 1.308273028021174067e-01 7.145796516829488326e-03 4.729517472911669296e-02 8.156106176903935578e-01
2.950000000000000000e+02 1.297933541948595448e-01 6.812195073783240858e-03 4.543823974876856631e-02 8.188380815654863198e-01
2.960000000000000000e+02 1.288094087592296100e-01 6.490318090239778452e-03 4.364888981494011860e-02 8.219362326913479677e-01
2.970000000000000000e+02 1.278727328120371487e-01 6.181916071388534814e-03 4.192284786896359472e-02 8.249103313046489694e-01
2.980000000000000000e+02 1.269808432128583520e-01 5.888270690121721190e-03 4.025634634020314184e-02 8.277653464435584807e-01
2.990000000000000000e+02 1.261314809347294785e-01 5.609728787151305532e-03 3.864677927463525814e-02 8.305057962483534117e-01
3.000000000000000000e+02 1.253225355381777650e-01 5.346185386370545627e-03 3.709211528353752868e-02 8.331359275233375383e-01
3.010000000000000000e+02 1.245520451712213011e-01 5.097083694853995171e-03 3.559089754348860463e-02 8.356597157368411688e-01
3.020000000000000000e+02 1.238181965693690295e-01 4.861415102857497700e-03 3.414224379636822404e-02 8.380808650212216993e-01
3.030000000000000000e+02 1.231193250556208152e-01 4.637719183818191787e-03 3.274584634935719801e-02 8.404028081728627253e-01
3.040000000000000000e+02 1.224539145404674179e-01 4.424083694354507580e-03 3.140197207493743148e-02 8.426287066521751523e-01
3.050000000000000000e+02 1.218205852695026792e-01 4.218233267371479175e-03 3.011135180922277013e-02 8.447614847445478192e-01
3.060000000000000000e+02 1.212177133520904448e-01 4.020458639975661198e-03 2.887153283570474335e-02 8.468049283200205224e-01
3.070000000000000000e+02 1.206437006857699473e-01 3.831826974101204195e-03 2.767913249008500942e-02 8.487629509834200281e-01
3.080000000000000000e+02 1.200971254232470753e-01 3.652576993655293723e-03 2.653184560132555020e-02 8.506390410291729820e-01
3.090000000000000000e+02 1.195766501425615108e-01 3.482704301737306676e-03 2.542771417300071501e-02 8.524364982725676221e-01
3.100000000000000000e+02 1.190810218470866599e-01 3.321961380638815617e-03 2.436512738329722760e-02 8.541584340497540007e-01
3.110000000000000000e+02 1.186090719655296805e-01 3.169857591843587043e-03 2.334282158501418611e-02 8.558077712177438734e-01
3.120000000000000000e+02 1.181597163519314819e-01 3.025659176027579653e-03 2.235988030556304573e-02 8.573872441544105882e-01
3.130000000000000000e+02 1.177319552856667118e-01 2.888389253058948683e-03 2.141573424696764649e-02 8.588993987584891965e-01
3.140000000000000000e+02 1.173248734714437969e-01 2.756827821998039402e-03 2.051016128586418547e-02 8.603465924495764527e-01
3.150000000000000000e+02 1.169376024577773732e-01 2.629801181242815214e-03 1.964292051419677665e-02 8.617311082888173823e-01
3.160000000000000000e+02 1.165691022388029852e-01 2.508023071017812140e-03 1.881144606544461403e-02 8.630558384083745205e-01
3.170000000000000000e+02 1.162184468239612911e-01 2.391883467230422784e-03 1.801365531592480362e-02 8.643234014465842607e-01
3.180000000000000000e+02 1.158847816858778745e-01 2.281475641883481086e-03 1.724788521916771969e-02 8.655362217052896545e-01
3.190000000000000000e+02 1.155672994137177112e-01 2.176764430529889820e-03 1.651267740194508130e-02 8.666966001330026481e-01
3.200000000000000000e+02 1.152652397131852663e-01 2.077586232272624935e-03 1.580677816426993149e-02 8.678067143249047488e-01
3.210000000000000000e+02 1.149778894065244111e-01 1.983649009764732948e-03 1.512913847939665810e-02 8.688686185228461367e-01
3.220000000000000000e+02 1.147045824325184510e-01 1.894532289209330516e-03 1.447891399382096947e-02 8.698842436153465529e-01
3.230000000000000000e+02 1.144446998464901805e-01 1.809687160359606597e-03 1.385546502727991874e-02 8.708553971375946334e-01
3.240000000000000000e+02 1.141976698203017865e-01 1.728436276518820940e-03 1.325835657275188477e-02 8.717837632714482421e-01
3.250000000000000000e+02 1.139629647129706685e-01 1.649996490234143572e-03 1.268732920347689919e-02 8.726709122321044676e-01
3.260000000000000000e+02 1.137399809796135614e-01 1.574488456595068801e-03 1.214101832070474396e-02 8.735186915081091241e-01
3.270000000000000000e+02 1.135281328836233311e-01 1.502313175494030244e-03 1.161778151258237475e-02 8.743289282480315450e-01
3.280000000000000000e+02 1.133268989413319938e-01 1.433550185567235855e-03 1.111642898843095452e-02 8.751032541875841675e-01
3.290000000000000000e+02 1.131357836002982592e-01 1.368211323960285501e-03 1.063588938550192112e-02 8.758432244048128812e-01
3.300000000000000000e+02 1.129543172393075307e-01 1.306240726328172265e-03 1.017520976897697514e-02 8.765503173200973608e-01
3.310000000000000000e+02 1.127820561683719192e-01 1.247514826835281147e-03 9.733555631968095548e-03 8.772259346961509552e-01
3.320000000000000000e+02 1.126185826287302016e-01 1.191842358155389492e-03 9.310210895517525773e-03 8.778714016380203544e-01
3.330000000000000000e+02 1.124635047928479181e-01 1.138964351471667647e-03 8.904577908597778937e-03 8.784879665930861448e-01
3.340000000000000000e+02 1.123164567644172607e-01 1.088554136476678307e-03 8.516177448111641318e-03 8.790768013510625867e-01
3.350000000000000000e+02 1.121770985783571289e-01 1.040217341372376512e-03 8.144648718892170611e-03 8.796390010439975038e-01
3.360000000000000000e+02 1.120451157816916843e-01 9.934951752011054148e-04 7.789745079843403419e-03 8.801755855569218800e-01
3.370000000000000000e+02 1.119201566912034485e-01 9.484065924847142302e-04 7.450641243674089621e-03 8.806877129058244824e-01
3.380000000000000000e+02 1.118018708373704484e-01 9.052419548188555881e-04 7.126228657313617675e-03 8.811765517517039514e-01
3.390000000000000000e+02 1.116899517033446976e-01 8.640597556465119721e-04 6.815730603137667293e-03 8.816431268355912065e-01
3.400000000000000000e+02 1.115841068899573185e-01 8.248816270082961599e-04 6.518438696428167402e-03 8.820884173093344049e-01
3.410000000000000000e+02 1.114840581157185567e-01 7.876923395424510060e-04 6.233712885373302211e-03 8.825133567355986086e-01
3.420000000000000000e+02 1.113895412168177806e-01 7.524398024848496591e-04 5.960981451067506008e-03 8.829188330878657842e-01
3.430000000000000000e+02 1.113003061471234539e-01 7.190350636689955615e-04 5.699741007511464896e-03 8.833056887504350252e-01
3.440000000000000000e+02 1.112161169781831910e-01 6.873523095260222326e-04 5.449556501612120261e-03 8.836747205184223297e-01
3.450000000000000000e+02 1.111367518992237152e-01 6.572288650846932687e-04 5.210061213182661834e-03 8.840266795977608227e-01
3.460000000000000000e+02 1.110620032171508453e-01 6.284651939714026685e-04 4.980956754942533760e-03 8.843622716052005339e-01
3.470000000000000000e+02 1.109916773565495368e-01 6.008248984101748329e-04 4.762013072517431132e-03 8.846821565683085087e-01
3.480000000000000000e+02 1.109255948179345419e-01 5.740350544330245774e-04 4.553068004916588363e-03 8.849869490715305265e-01
3.490000000000000000e+02 1.108635559136479098e-01 5.480940651991060434e-04 4.353633054823623921e-03 8.852773388966832524e-01
3.500000000000000000e+02 1.108053574797699947e-01 5.232131395219013223e-04 4.162992730198654054e-03 8.855540334909146605e-01
3.510000000000000000e+02 1.107508250165819136e-01 4.994438270195949731e-04 3.980661379874916167e-03 8.858176414554939093e-01
3.520000000000000000e+02 1.106997917472410248e-01 4.768153493197614386e-04 3.806194445930387825e-03 8.860687449035596908e-01
3.530000000000000000e+02 1.106520986177809696e-01 4.553346000593653164e-04 3.639188463687794556e-03 8.863078994601205629e-01
3.540000000000000000e+02 1.106075942971116582e-01 4.349861448847613596e-04 3.479281061714602913e-03 8.865356342620543950e-01
3.550000000000000000e+02 1.105661351770192702e-01 4.157322214516944218e-04 3.326150961823026546e-03 8.867524519581088116e-01
3.560000000000000000e+02 1.105275853721662677e-01 3.975127394252993491e-04 3.179517979070020563e-03 8.869588287089008594e-01
3.570000000000000000e+02 1.104918167200913404e-01 3.802452804801012510e-04 3.039143021757286303e-03 8.871552141869175623e-01
3.580000000000000000e+02 1.104587087812095025e-01 3.638250983000152297e-04 2.904828091431266128e-03 8.873420315765150335e-01
3.590000000000000000e+02 1.104281488388120097e-01 3.481251185783465962e-04 2.776416282883151232e-03 8.875196775739194743e-01
3.600000000000000000e+02 1.104000318990663726e-01 3.329959390177906001e-04 2.653791784148872533e-03 8.876885223872262864e-01
3.610000000000000000e+02 1.103742606910164126e-01 3.182658293304328084e-04 2.536879876509108480e-03 8.878489097364006266e-01
3.620000000000000000e+02 1.103507272525808963e-01 3.039618701516875738e-04 2.425376888692991079e-03 8.880012241741608303e-01
3.630000000000000000e+02 1.103293103585096385e-01 2.903315171245206771e-04 2.318722738862426160e-03 8.881458995519542210e-01
3.640000000000000000e+02 1.103099163479693695e-01 2.773411650719674474e-04 2.216711165747610197e-03 8.882832693970622584e-01
